{"loss": 0.3884824812412262, "accuracy": 0.8618999719619751}