{"loss": 0.350668728351593, "accuracy": 0.871399998664856}