{"loss": 0.40735745429992676, "accuracy": 0.8539999723434448}