epoch,loss,accuracy
1,0.6713982820510864,0.7705166935920715
