epoch,loss,accuracy
1,0.6512817144393921,0.7720999717712402
