epoch,loss,accuracy
1,0.5901443362236023,0.7894833087921143
